{"score_time":{"0":30.4719216824,"1":28.5312576294,"2":32.3029682636,"3":30.430472374,"4":25.2592353821},"optimize_time":{"0":977.1724610329,"1":980.3196666241,"2":1050.633689642,"3":674.2843375206,"4":687.2384507656},"train_data_labels":{"0":[["control","4x10m","GA313009E5"],["control","4x10m","GA313011E5"],["control","4x10m","GA313041E5"],["control","4x10m","GA313073E5"],["control","4x10m","GA413003E5"],["control","4x10m","GA413011E5"],["control","4x10m","GA413013E5"],["control","4x10m","GA413048E5"],["control","free_walk","GA214030"],["control","free_walk","GA214033"],["control","free_walk","GASTD45JW"],["control","free_walk","GASTD46SAB"],["geriatric","4x10m","P52E6"],["geriatric","4x10m","P53E6"],["geriatric","4x10m","P54E6"],["geriatric","4x10m","P55E6"],["geriatric","4x10m","P56E6"],["geriatric","4x10m","P57E6"],["geriatric","4x10m","P58E6"],["geriatric","4x10m","P59E6"],["geriatric","free_walk","PAT4WALD"],["geriatric","free_walk","PAT5WALD"],["geriatric","free_walk","PAT7WALD"],["geriatric","free_walk","PAT8WALD"],["pd","4x10m","GA413046E5"],["pd","4x10m","GA413049E5"],["pd","4x10m","GA413051E5"],["pd","4x10m","GA413052E5"],["pd","4x10m","GA413053E5"],["pd","4x10m","GA413054E5"],["pd","4x10m","GA413055E5"],["pd","4x10m","GA413056E5"],["pd","free_walk","GA114063"],["pd","free_walk","GA114065"],["pd","free_walk","GA214020"],["pd","free_walk","GA214021"]],"1":[["control","4x10m","GA112030E3"],["control","4x10m","GA213010E5"],["control","4x10m","GA313041E5"],["control","4x10m","GA313073E5"],["control","4x10m","GA413003E5"],["control","4x10m","GA413011E5"],["control","4x10m","GA413013E5"],["control","4x10m","GA413048E5"],["control","free_walk","GA214026"],["control","free_walk","GA214033"],["control","free_walk","GASTD45JW"],["control","free_walk","GASTD46SAB"],["geriatric","4x10m","P50E6"],["geriatric","4x10m","P51E6"],["geriatric","4x10m","P54E6"],["geriatric","4x10m","P55E6"],["geriatric","4x10m","P56E6"],["geriatric","4x10m","P57E6"],["geriatric","4x10m","P58E6"],["geriatric","4x10m","P59E6"],["geriatric","free_walk","PAT1WALD"],["geriatric","free_walk","PAT5WALD"],["geriatric","free_walk","PAT7WALD"],["geriatric","free_walk","PAT8WALD"],["pd","4x10m","GA313039E5"],["pd","4x10m","GA413002E5"],["pd","4x10m","GA413051E5"],["pd","4x10m","GA413052E5"],["pd","4x10m","GA413053E5"],["pd","4x10m","GA413054E5"],["pd","4x10m","GA413055E5"],["pd","4x10m","GA413056E5"],["pd","free_walk","GA114059"],["pd","free_walk","GA114065"],["pd","free_walk","GA214020"],["pd","free_walk","GA214021"]],"2":[["control","4x10m","GA112030E3"],["control","4x10m","GA213010E5"],["control","4x10m","GA313009E5"],["control","4x10m","GA313011E5"],["control","4x10m","GA413003E5"],["control","4x10m","GA413011E5"],["control","4x10m","GA413013E5"],["control","4x10m","GA413048E5"],["control","free_walk","GA214026"],["control","free_walk","GA214030"],["control","free_walk","GASTD45JW"],["control","free_walk","GASTD46SAB"],["geriatric","4x10m","P50E6"],["geriatric","4x10m","P51E6"],["geriatric","4x10m","P52E6"],["geriatric","4x10m","P53E6"],["geriatric","4x10m","P56E6"],["geriatric","4x10m","P57E6"],["geriatric","4x10m","P58E6"],["geriatric","4x10m","P59E6"],["geriatric","free_walk","PAT1WALD"],["geriatric","free_walk","PAT4WALD"],["geriatric","free_walk","PAT7WALD"],["geriatric","free_walk","PAT8WALD"],["pd","4x10m","GA313039E5"],["pd","4x10m","GA413002E5"],["pd","4x10m","GA413046E5"],["pd","4x10m","GA413049E5"],["pd","4x10m","GA413053E5"],["pd","4x10m","GA413054E5"],["pd","4x10m","GA413055E5"],["pd","4x10m","GA413056E5"],["pd","free_walk","GA114059"],["pd","free_walk","GA114063"],["pd","free_walk","GA214020"],["pd","free_walk","GA214021"]],"3":[["control","4x10m","GA112030E3"],["control","4x10m","GA213010E5"],["control","4x10m","GA313009E5"],["control","4x10m","GA313011E5"],["control","4x10m","GA313041E5"],["control","4x10m","GA313073E5"],["control","4x10m","GA413013E5"],["control","4x10m","GA413048E5"],["control","free_walk","GA214026"],["control","free_walk","GA214030"],["control","free_walk","GA214033"],["control","free_walk","GASTD46SAB"],["geriatric","4x10m","P50E6"],["geriatric","4x10m","P51E6"],["geriatric","4x10m","P52E6"],["geriatric","4x10m","P53E6"],["geriatric","4x10m","P54E6"],["geriatric","4x10m","P55E6"],["geriatric","4x10m","P58E6"],["geriatric","4x10m","P59E6"],["geriatric","free_walk","PAT1WALD"],["geriatric","free_walk","PAT4WALD"],["geriatric","free_walk","PAT5WALD"],["geriatric","free_walk","PAT8WALD"],["pd","4x10m","GA313039E5"],["pd","4x10m","GA413002E5"],["pd","4x10m","GA413046E5"],["pd","4x10m","GA413049E5"],["pd","4x10m","GA413051E5"],["pd","4x10m","GA413052E5"],["pd","4x10m","GA413055E5"],["pd","4x10m","GA413056E5"],["pd","free_walk","GA114059"],["pd","free_walk","GA114063"],["pd","free_walk","GA114065"],["pd","free_walk","GA214021"]],"4":[["control","4x10m","GA112030E3"],["control","4x10m","GA213010E5"],["control","4x10m","GA313009E5"],["control","4x10m","GA313011E5"],["control","4x10m","GA313041E5"],["control","4x10m","GA313073E5"],["control","4x10m","GA413003E5"],["control","4x10m","GA413011E5"],["control","free_walk","GA214026"],["control","free_walk","GA214030"],["control","free_walk","GA214033"],["control","free_walk","GASTD45JW"],["geriatric","4x10m","P50E6"],["geriatric","4x10m","P51E6"],["geriatric","4x10m","P52E6"],["geriatric","4x10m","P53E6"],["geriatric","4x10m","P54E6"],["geriatric","4x10m","P55E6"],["geriatric","4x10m","P56E6"],["geriatric","4x10m","P57E6"],["geriatric","free_walk","PAT1WALD"],["geriatric","free_walk","PAT4WALD"],["geriatric","free_walk","PAT5WALD"],["geriatric","free_walk","PAT7WALD"],["pd","4x10m","GA313039E5"],["pd","4x10m","GA413002E5"],["pd","4x10m","GA413046E5"],["pd","4x10m","GA413049E5"],["pd","4x10m","GA413051E5"],["pd","4x10m","GA413052E5"],["pd","4x10m","GA413053E5"],["pd","4x10m","GA413054E5"],["pd","free_walk","GA114059"],["pd","free_walk","GA114063"],["pd","free_walk","GA114065"],["pd","free_walk","GA214020"]]},"test_data_labels":{"0":[["control","4x10m","GA112030E3"],["control","4x10m","GA213010E5"],["control","free_walk","GA214026"],["geriatric","4x10m","P50E6"],["geriatric","4x10m","P51E6"],["geriatric","free_walk","PAT1WALD"],["pd","4x10m","GA313039E5"],["pd","4x10m","GA413002E5"],["pd","free_walk","GA114059"]],"1":[["control","4x10m","GA313009E5"],["control","4x10m","GA313011E5"],["control","free_walk","GA214030"],["geriatric","4x10m","P52E6"],["geriatric","4x10m","P53E6"],["geriatric","free_walk","PAT4WALD"],["pd","4x10m","GA413046E5"],["pd","4x10m","GA413049E5"],["pd","free_walk","GA114063"]],"2":[["control","4x10m","GA313041E5"],["control","4x10m","GA313073E5"],["control","free_walk","GA214033"],["geriatric","4x10m","P54E6"],["geriatric","4x10m","P55E6"],["geriatric","free_walk","PAT5WALD"],["pd","4x10m","GA413051E5"],["pd","4x10m","GA413052E5"],["pd","free_walk","GA114065"]],"3":[["control","4x10m","GA413003E5"],["control","4x10m","GA413011E5"],["control","free_walk","GASTD45JW"],["geriatric","4x10m","P56E6"],["geriatric","4x10m","P57E6"],["geriatric","free_walk","PAT7WALD"],["pd","4x10m","GA413053E5"],["pd","4x10m","GA413054E5"],["pd","free_walk","GA214020"]],"4":[["control","4x10m","GA413013E5"],["control","4x10m","GA413048E5"],["control","free_walk","GASTD46SAB"],["geriatric","4x10m","P58E6"],["geriatric","4x10m","P59E6"],["geriatric","free_walk","PAT8WALD"],["pd","4x10m","GA413055E5"],["pd","4x10m","GA413056E5"],["pd","free_walk","GA214021"]]},"test_precision":{"0":0.9390794178,"1":0.9621388154,"2":0.9588586055,"3":0.9390287891,"4":0.9539268876},"test_recall":{"0":0.9584392988,"1":0.9660065181,"2":0.9754566304,"3":0.9597242299,"4":0.9665868945},"test_f1_score":{"0":0.948518409,"1":0.9639603611,"2":0.9667671731,"3":0.9487455944,"4":0.9600360041},"test_per_sample__precision":{"0":0.9306994819,"1":0.9516908213,"2":0.9448051948,"3":0.9256578947,"4":0.9455172414},"test_per_sample__recall":{"0":0.9416775885,"1":0.9609756098,"2":0.9752010724,"3":0.9571428571,"4":0.9607568325},