{"score_time":{"0":15.4511170387,"1":15.9516909122,"2":16.3664073944,"3":19.577488184,"4":11.0075564384},"optimize_time":{"0":6239.9486792088,"1":6156.0431454182,"2":6100.2141780853,"3":5891.914945364,"4":6607.9617640972},"train_data_labels":{"0":["54a9","6dbe_2","6e2e","80b8","8873","8d60","9b4b","c9bb","cb3d","cdfc","e54d"],"1":["4d91","5047","5237","80b8","8873","8d60","9b4b","c9bb","cb3d","cdfc","e54d"],"2":["4d91","5047","5237","54a9","6dbe_2","6e2e","9b4b","c9bb","cb3d","cdfc","e54d"],"3":["4d91","5047","5237","54a9","6dbe_2","6e2e","80b8","8873","8d60","cdfc","e54d"],"4":["4d91","5047","5237","54a9","6dbe_2","6e2e","80b8","8873","8d60","9b4b","c9bb","cb3d"]},"test_data_labels":{"0":["4d91","5047","5237"],"1":["54a9","6dbe_2","6e2e"],"2":["80b8","8873","8d60"],"3":["9b4b","c9bb","cb3d"],"4":["cdfc","e54d"]},"test_precision":{"0":0.9708477779,"1":0.968743499,"2":0.9691725843,"3":0.9831080467,"4":0.9721488849},"test_recall":{"0":0.9817125474,"1":0.9890622727,"2":0.9845973331,"3":0.9105562137,"4":0.9847603184},"test_f1_score":{"0":0.9762185032,"1":0.9787900949,"2":0.9767943862,"3":0.9442868479,"4":0.9784138977},"test_per_sample__precision":{"0":0.9708141321,"1":0.9688416422,"2":0.9691577699,"3":0.9837398374,"4":0.9721603563},"test_per_sample__recall":{"0":0.9817475728,"1":0.9895170348,"2":0.9847328244,"3":0.9087495306,"4":0.9847715736},"test_per_sample__f1_score":{"0":0.9762502414,"1":0.9790701982,"2":0.9768832204,"3":0.9447589303,"4":0.9784253292},"test_single_precision":{"0":[0.9701670644,0.9728773585,0.9694989107],"1":[0.9700805524,0.9658823529,0.9702675917],"2":[0.97375,0.95657277,0.9771949829],"3":[0.9864197531,0.9663212435,0.9965831435],"4":[0.9755826859,0.9687150838]},"test_single_recall":{"0":[0.9655581948,0.9939759036,0.9856035437],"1":[0.9848130841,0.98441247,0.997961264],"2":[0.9786432161,0.9866828087,0.9884659746],"3":[0.9455621302,0.8073593074,0.9787472036],"4":[0.9887514061,0.9807692308]},"test_single_f1_score":{"0":[0.9678571429,0.9833134684,0.9774848984],"1":[0.9773913043,0.9750593824,0.983919598],"2":[0.9761904762,0.9713945173,0.9827981651],"3":[0.9655589124,0.8797169811,0.9875846501],"4":[0.982122905,0.9747048904]}}