{"score_time":{"0":20.1912240982,"1":22.3276073933,"2":18.9304068089,"3":13.5501027107,"4":13.0014600754},"optimize_time":{"0":0.0004627705,"1":0.0006482601,"2":0.0006327629,"3":0.0003845692,"4":0.0004775524},"train_data_labels":{"0":[["control","4x10m","GA313009E5"],["control","4x10m","GA313011E5"],["control","4x10m","GA313041E5"],["control","4x10m","GA313073E5"],["control","4x10m","GA413003E5"],["control","4x10m","GA413011E5"],["control","4x10m","GA413013E5"],["control","4x10m","GA413048E5"],["control","free_walk","GA214030"],["control","free_walk","GA214033"],["control","free_walk","GASTD45JW"],["control","free_walk","GASTD46SAB"],["geriatric","4x10m","P52E6"],["geriatric","4x10m","P53E6"],["geriatric","4x10m","P54E6"],["geriatric","4x10m","P55E6"],["geriatric","4x10m","P56E6"],["geriatric","4x10m","P57E6"],["geriatric","4x10m","P58E6"],["geriatric","4x10m","P59E6"],["geriatric","free_walk","PAT4WALD"],["geriatric","free_walk","PAT5WALD"],["geriatric","free_walk","PAT7WALD"],["geriatric","free_walk","PAT8WALD"],["pd","4x10m","GA413046E5"],["pd","4x10m","GA413049E5"],["pd","4x10m","GA413051E5"],["pd","4x10m","GA413052E5"],["pd","4x10m","GA413053E5"],["pd","4x10m","GA413054E5"],["pd","4x10m","GA413055E5"],["pd","4x10m","GA413056E5"],["pd","free_walk","GA114063"],["pd","free_walk","GA114065"],["pd","free_walk","GA214020"],["pd","free_walk","GA214021"]],"1":[["control","4x10m","GA112030E3"],["control","4x10m","GA213010E5"],["control","4x10m","GA313041E5"],["control","4x10m","GA313073E5"],["control","4x10m","GA413003E5"],["control","4x10m","GA413011E5"],["control","4x10m","GA413013E5"],["control","4x10m","GA413048E5"],["control","free_walk","GA214026"],["control","free_walk","GA214033"],["control","free_walk","GASTD45JW"],["control","free_walk","GASTD46SAB"],["geriatric","4x10m","P50E6"],["geriatric","4x10m","P51E6"],["geriatric","4x10m","P54E6"],["geriatric","4x10m","P55E6"],["geriatric","4x10m","P56E6"],["geriatric","4x10m","P57E6"],["geriatric","4x10m","P58E6"],["geriatric","4x10m","P59E6"],["geriatric","free_walk","PAT1WALD"],["geriatric","free_walk","PAT5WALD"],["geriatric","free_walk","PAT7WALD"],["geriatric","free_walk","PAT8WALD"],["pd","4x10m","GA313039E5"],["pd","4x10m","GA413002E5"],["pd","4x10m","GA413051E5"],["pd","4x10m","GA413052E5"],["pd","4x10m","GA413053E5"],["pd","4x10m","GA413054E5"],["pd","4x10m","GA413055E5"],["pd","4x10m","GA413056E5"],["pd","free_walk","GA114059"],["pd","free_walk","GA114065"],["pd","free_walk","GA214020"],["pd","free_walk","GA214021"]],"2":[["control","4x10m","GA112030E3"],["control","4x10m","GA213010E5"],["control","4x10m","GA313009E5"],["control","4x10m","GA313011E5"],["control","4x10m","GA413003E5"],["control","4x10m","GA413011E5"],["control","4x10m","GA413013E5"],["control","4x10m","GA413048E5"],["control","free_walk","GA214026"],["control","free_walk","GA214030"],["control","free_walk","GASTD45JW"],["control","free_walk","GASTD46SAB"],["geriatric","4x10m","P50E6"],["geriatric","4x10m","P51E6"],["geriatric","4x10m","P52E6"],["geriatric","4x10m","P53E6"],["geriatric","4x10m","P56E6"],["geriatric","4x10m","P57E6"],["geriatric","4x10m","P58E6"],["geriatric","4x10m","P59E6"],["geriatric","free_walk","PAT1WALD"],["geriatric","free_walk","PAT4WALD"],["geriatric","free_walk","PAT7WALD"],["geriatric","free_walk","PAT8WALD"],["pd","4x10m","GA313039E5"],["pd","4x10m","GA413002E5"],["pd","4x10m","GA413046E5"],["pd","4x10m","GA413049E5"],["pd","4x10m","GA413053E5"],["pd","4x10m","GA413054E5"],["pd","4x10m","GA413055E5"],["pd","4x10m","GA413056E5"],["pd","free_walk","GA114059"],["pd","free_walk","GA114063"],["pd","free_walk","GA214020"],["pd","free_walk","GA214021"]],"3":[["control","4x10m","GA112030E3"],["control","4x10m","GA213010E5"],["control","4x10m","GA313009E5"],["control","4x10m","GA313011E5"],["control","4x10m","GA313041E5"],["control","4x10m","GA313073E5"],["control","4x10m","GA413013E5"],["control","4x10m","GA413048E5"],["control","free_walk","GA214026"],["control","free_walk","GA214030"],["control","free_walk","GA214033"],["control","free_walk","GASTD46SAB"],["geriatric","4x10m","P50E6"],["geriatric","4x10m","P51E6"],["geriatric","4x10m","P52E6"],["geriatric","4x10m","P53E6"],["geriatric","4x10m","P54E6"],["geriatric","4x10m","P55E6"],["geriatric","4x10m","P58E6"],["geriatric","4x10m","P59E6"],["geriatric","free_walk","PAT1WALD"],["geriatric","free_walk","PAT4WALD"],["geriatric","free_walk","PAT5WALD"],["geriatric","free_walk","PAT8WALD"],["pd","4x10m","GA313039E5"],["pd","4x10m","GA413002E5"],["pd","4x10m","GA413046E5"],["pd","4x10m","GA413049E5"],["pd","4x10m","GA413051E5"],["pd","4x10m","GA413052E5"],["pd","4x10m","GA413055E5"],["pd","4x10m","GA413056E5"],["pd","free_walk","GA114059"],["pd","free_walk","GA114063"],["pd","free_walk","GA114065"],["pd","free_walk","GA214021"]],"4":[["control","4x10m","GA112030E3"],["control","4x10m","GA213010E5"],["control","4x10m","GA313009E5"],["control","4x10m","GA313011E5"],["control","4x10m","GA313041E5"],["control","4x10m","GA313073E5"],["control","4x10m","GA413003E5"],["control","4x10m","GA413011E5"],["control","free_walk","GA214026"],["control","free_walk","GA214030"],["control","free_walk","GA214033"],["control","free_walk","GASTD45JW"],["geriatric","4x10m","P50E6"],["geriatric","4x10m","P51E6"],["geriatric","4x10m","P52E6"],["geriatric","4x10m","P53E6"],["geriatric","4x10m","P54E6"],["geriatric","4x10m","P55E6"],["geriatric","4x10m","P56E6"],["geriatric","4x10m","P57E6"],["geriatric","free_walk","PAT1WALD"],["geriatric","free_walk","PAT4WALD"],["geriatric","free_walk","PAT5WALD"],["geriatric","free_walk","PAT7WALD"],["pd","4x10m","GA313039E5"],["pd","4x10m","GA413002E5"],["pd","4x10m","GA413046E5"],["pd","4x10m","GA413049E5"],["pd","4x10m","GA413051E5"],["pd","4x10m","GA413052E5"],["pd","4x10m","GA413053E5"],["pd","4x10m","GA413054E5"],["pd","free_walk","GA114059"],["pd","free_walk","GA114063"],["pd","free_walk","GA114065"],["pd","free_walk","GA214020"]]},"test_data_labels":{"0":[["control","4x10m","GA112030E3"],["control","4x10m","GA213010E5"],["control","free_walk","GA214026"],["geriatric","4x10m","P50E6"],["geriatric","4x10m","P51E6"],["geriatric","free_walk","PAT1WALD"],["pd","4x10m","GA313039E5"],["pd","4x10m","GA413002E5"],["pd","free_walk","GA114059"]],"1":[["control","4x10m","GA313009E5"],["control","4x10m","GA313011E5"],["control","free_walk","GA214030"],["geriatric","4x10m","P52E6"],["geriatric","4x10m","P53E6"],["geriatric","free_walk","PAT4WALD"],["pd","4x10m","GA413046E5"],["pd","4x10m","GA413049E5"],["pd","free_walk","GA114063"]],"2":[["control","4x10m","GA313041E5"],["control","4x10m","GA313073E5"],["control","free_walk","GA214033"],["geriatric","4x10m","P54E6"],["geriatric","4x10m","P55E6"],["geriatric","free_walk","PAT5WALD"],["pd","4x10m","GA413051E5"],["pd","4x10m","GA413052E5"],["pd","free_walk","GA114065"]],"3":[["control","4x10m","GA413003E5"],["control","4x10m","GA413011E5"],["control","free_walk","GASTD45JW"],["geriatric","4x10m","P56E6"],["geriatric","4x10m","P57E6"],["geriatric","free_walk","PAT7WALD"],["pd","4x10m","GA413053E5"],["pd","4x10m","GA413054E5"],["pd","free_walk","GA214020"]],"4":[["control","4x10m","GA413013E5"],["control","4x10m","GA413048E5"],["control","free_walk","GASTD46SAB"],["geriatric","4x10m","P58E6"],["geriatric","4x10m","P59E6"],["geriatric","free_walk","PAT8WALD"],["pd","4x10m","GA413055E5"],["pd","4x10m","GA413056E5"],["pd","free_walk","GA214021"]]},"test_precision":{"0":0.9022313444,"1":0.9444007399,"2":0.9385293034,"3":0.9199858952,"4":0.9178797098},"test_recall":{"0":0.8918265811,"1":0.9175078351,"2":0.9402426828,"3":0.9128455568,"4":0.913577121},"test_f1_score":{"0":0.8966864672,"1":0.9304417288,"2":0.9390696215,"3":0.9153750641,"4":0.9154939054},"test_per_sample__precision":{"0":0.8746594005,"1":0.9185750636,"2":0.9060626249,"3":0.8925848926,"4":0.8944011339},"test_per_sample__recall":{"0":0.8414154653,"1":0.8804878049,"2":0.9115281501,"3":0.8761904762,"4":0.8843728101},