{"score_time":{"0":15.6685609818,"1":15.7704696655,"2":16.3732585907,"3":18.3692860603,"4":11.1792676449},"optimize_time":{"0":6227.3565711975,"1":6173.4611752033,"2":6112.9000527859,"3":5890.1541752815,"4":6894.4510831833},"train_data_labels":{"0":["54a9","6dbe_2","6e2e","80b8","8873","8d60","9b4b","c9bb","cb3d","cdfc","e54d"],"1":["4d91","5047","5237","80b8","8873","8d60","9b4b","c9bb","cb3d","cdfc","e54d"],"2":["4d91","5047","5237","54a9","6dbe_2","6e2e","9b4b","c9bb","cb3d","cdfc","e54d"],"3":["4d91","5047","5237","54a9","6dbe_2","6e2e","80b8","8873","8d60","cdfc","e54d"],"4":["4d91","5047","5237","54a9","6dbe_2","6e2e","80b8","8873","8d60","9b4b","c9bb","cb3d"]},"test_data_labels":{"0":["4d91","5047","5237"],"1":["54a9","6dbe_2","6e2e"],"2":["80b8","8873","8d60"],"3":["9b4b","c9bb","cb3d"],"4":["cdfc","e54d"]},"test_precision":{"0":0.9715758469,"1":0.9691160338,"2":0.9672425534,"3":0.9830934861,"4":0.972166343},"test_recall":{"0":0.9813434075,"1":0.9890622727,"2":0.9845630402,"3":0.9101954633,"4":0.9853259293},"test_f1_score":{"0":0.9764024009,"1":0.9789790724,"2":0.9757942758,"3":0.9440665366,"4":0.978701902},"test_per_sample__precision":{"0":0.9715494041,"1":0.9691969197,"2":0.9672454617,"3":0.9837332249,"4":0.9721758486},"test_per_sample__recall":{"0":0.9813592233,"1":0.9895170348,"2":0.9847328244,"3":0.9083740143,"4":0.9853355894},"test_per_sample__f1_score":{"0":0.9764296754,"1":0.9792515747,"2":0.9759108103,"3":0.944552909,"4":0.9787114846},"test_single_precision":{"0":[0.9713261649,0.9728773585,0.9705240175],"1":[0.9711981567,0.9658823529,0.9702675917],"2":[0.9712858926,0.9543325527,0.976109215],"3":[0.9864197531,0.9662775616,0.9965831435],"4":[0.9755826859,0.96875]},"test_single_recall":{"0":[0.9655581948,0.9939759036,0.984496124],"1":[0.9848130841,0.98441247,0.997961264],"2":[0.9773869347,0.9866828087,0.9896193772],"3":[0.9455621302,0.8062770563,0.9787472036],"4":[0.9887514061,0.9819004525]},"test_single_f1_score":{"0":[0.9684335914,0.9833134684,0.9774601429],"1":[0.9779582367,0.9750593824,0.983919598],"2":[0.9743268629,0.9702380952,0.9828178694],"3":[0.9655589124,0.8790560472,0.9875846501],"4":[0.982122905,0.9752808989]}}