{"score_time":{"0":2.6229221821,"1":2.9190273285,"2":2.8161058426,"3":2.5175461769,"4":2.4954345226},"optimize_time":{"0":1125.5596661568,"1":1113.3009274006,"2":1135.6450104713,"3":1148.9420013428,"4":1219.7855699062},"train_data_labels":{"0":[["control","4x10m","GA313009E5"],["control","4x10m","GA313011E5"],["control","4x10m","GA313041E5"],["control","4x10m","GA313073E5"],["control","4x10m","GA413003E5"],["control","4x10m","GA413011E5"],["control","4x10m","GA413013E5"],["control","4x10m","GA413048E5"],["control","free_walk","GA214030"],["control","free_walk","GA214033"],["control","free_walk","GASTD45JW"],["control","free_walk","GASTD46SAB"],["geriatric","4x10m","P52E6"],["geriatric","4x10m","P53E6"],["geriatric","4x10m","P54E6"],["geriatric","4x10m","P55E6"],["geriatric","4x10m","P56E6"],["geriatric","4x10m","P57E6"],["geriatric","4x10m","P58E6"],["geriatric","4x10m","P59E6"],["geriatric","free_walk","PAT4WALD"],["geriatric","free_walk","PAT5WALD"],["geriatric","free_walk","PAT7WALD"],["geriatric","free_walk","PAT8WALD"],["pd","4x10m","GA413046E5"],["pd","4x10m","GA413049E5"],["pd","4x10m","GA413051E5"],["pd","4x10m","GA413052E5"],["pd","4x10m","GA413053E5"],["pd","4x10m","GA413054E5"],["pd","4x10m","GA413055E5"],["pd","4x10m","GA413056E5"],["pd","free_walk","GA114063"],["pd","free_walk","GA114065"],["pd","free_walk","GA214020"],["pd","free_walk","GA214021"]],"1":[["control","4x10m","GA112030E3"],["control","4x10m","GA213010E5"],["control","4x10m","GA313041E5"],["control","4x10m","GA313073E5"],["control","4x10m","GA413003E5"],["control","4x10m","GA413011E5"],["control","4x10m","GA413013E5"],["control","4x10m","GA413048E5"],["control","free_walk","GA214026"],["control","free_walk","GA214033"],["control","free_walk","GASTD45JW"],["control","free_walk","GASTD46SAB"],["geriatric","4x10m","P50E6"],["geriatric","4x10m","P51E6"],["geriatric","4x10m","P54E6"],["geriatric","4x10m","P55E6"],["geriatric","4x10m","P56E6"],["geriatric","4x10m","P57E6"],["geriatric","4x10m","P58E6"],["geriatric","4x10m","P59E6"],["geriatric","free_walk","PAT1WALD"],["geriatric","free_walk","PAT5WALD"],["geriatric","free_walk","PAT7WALD"],["geriatric","free_walk","PAT8WALD"],["pd","4x10m","GA313039E5"],["pd","4x10m","GA413002E5"],["pd","4x10m","GA413051E5"],["pd","4x10m","GA413052E5"],["pd","4x10m","GA413053E5"],["pd","4x10m","GA413054E5"],["pd","4x10m","GA413055E5"],["pd","4x10m","GA413056E5"],["pd","free_walk","GA114059"],["pd","free_walk","GA114065"],["pd","free_walk","GA214020"],["pd","free_walk","GA214021"]],"2":[["control","4x10m","GA112030E3"],["control","4x10m","GA213010E5"],["control","4x10m","GA313009E5"],["control","4x10m","GA313011E5"],["control","4x10m","GA413003E5"],["control","4x10m","GA413011E5"],["control","4x10m","GA413013E5"],["control","4x10m","GA413048E5"],["control","free_walk","GA214026"],["control","free_walk","GA214030"],["control","free_walk","GASTD45JW"],["control","free_walk","GASTD46SAB"],["geriatric","4x10m","P50E6"],["geriatric","4x10m","P51E6"],["geriatric","4x10m","P52E6"],["geriatric","4x10m","P53E6"],["geriatric","4x10m","P56E6"],["geriatric","4x10m","P57E6"],["geriatric","4x10m","P58E6"],["geriatric","4x10m","P59E6"],["geriatric","free_walk","PAT1WALD"],["geriatric","free_walk","PAT4WALD"],["geriatric","free_walk","PAT7WALD"],["geriatric","free_walk","PAT8WALD"],["pd","4x10m","GA313039E5"],["pd","4x10m","GA413002E5"],["pd","4x10m","GA413046E5"],["pd","4x10m","GA413049E5"],["pd","4x10m","GA413053E5"],["pd","4x10m","GA413054E5"],["pd","4x10m","GA413055E5"],["pd","4x10m","GA413056E5"],["pd","free_walk","GA114059"],["pd","free_walk","GA114063"],["pd","free_walk","GA214020"],["pd","free_walk","GA214021"]],"3":[["control","4x10m","GA112030E3"],["control","4x10m","GA213010E5"],["control","4x10m","GA313009E5"],["control","4x10m","GA313011E5"],["control","4x10m","GA313041E5"],["control","4x10m","GA313073E5"],["control","4x10m","GA413013E5"],["control","4x10m","GA413048E5"],["control","free_walk","GA214026"],["control","free_walk","GA214030"],["control","free_walk","GA214033"],["control","free_walk","GASTD46SAB"],["geriatric","4x10m","P50E6"],["geriatric","4x10m","P51E6"],["geriatric","4x10m","P52E6"],["geriatric","4x10m","P53E6"],["geriatric","4x10m","P54E6"],["geriatric","4x10m","P55E6"],["geriatric","4x10m","P58E6"],["geriatric","4x10m","P59E6"],["geriatric","free_walk","PAT1WALD"],["geriatric","free_walk","PAT4WALD"],["geriatric","free_walk","PAT5WALD"],["geriatric","free_walk","PAT8WALD"],["pd","4x10m","GA313039E5"],["pd","4x10m","GA413002E5"],["pd","4x10m","GA413046E5"],["pd","4x10m","GA413049E5"],["pd","4x10m","GA413051E5"],["pd","4x10m","GA413052E5"],["pd","4x10m","GA413055E5"],["pd","4x10m","GA413056E5"],["pd","free_walk","GA114059"],["pd","free_walk","GA114063"],["pd","free_walk","GA114065"],["pd","free_walk","GA214021"]],"4":[["control","4x10m","GA112030E3"],["control","4x10m","GA213010E5"],["control","4x10m","GA313009E5"],["control","4x10m","GA313011E5"],["control","4x10m","GA313041E5"],["control","4x10m","GA313073E5"],["control","4x10m","GA413003E5"],["control","4x10m","GA413011E5"],["control","free_walk","GA214026"],["control","free_walk","GA214030"],["control","free_walk","GA214033"],["control","free_walk","GASTD45JW"],["geriatric","4x10m","P50E6"],["geriatric","4x10m","P51E6"],["geriatric","4x10m","P52E6"],["geriatric","4x10m","P53E6"],["geriatric","4x10m","P54E6"],["geriatric","4x10m","P55E6"],["geriatric","4x10m","P56E6"],["geriatric","4x10m","P57E6"],["geriatric","free_walk","PAT1WALD"],["geriatric","free_walk","PAT4WALD"],["geriatric","free_walk","PAT5WALD"],["geriatric","free_walk","PAT7WALD"],["pd","4x10m","GA313039E5"],["pd","4x10m","GA413002E5"],["pd","4x10m","GA413046E5"],["pd","4x10m","GA413049E5"],["pd","4x10m","GA413051E5"],["pd","4x10m","GA413052E5"],["pd","4x10m","GA413053E5"],["pd","4x10m","GA413054E5"],["pd","free_walk","GA114059"],["pd","free_walk","GA114063"],["pd","free_walk","GA114065"],["pd","free_walk","GA214020"]]},"test_data_labels":{"0":[["control","4x10m","GA112030E3"],["control","4x10m","GA213010E5"],["control","free_walk","GA214026"],["geriatric","4x10m","P50E6"],["geriatric","4x10m","P51E6"],["geriatric","free_walk","PAT1WALD"],["pd","4x10m","GA313039E5"],["pd","4x10m","GA413002E5"],["pd","free_walk","GA114059"]],"1":[["control","4x10m","GA313009E5"],["control","4x10m","GA313011E5"],["control","free_walk","GA214030"],["geriatric","4x10m","P52E6"],["geriatric","4x10m","P53E6"],["geriatric","free_walk","PAT4WALD"],["pd","4x10m","GA413046E5"],["pd","4x10m","GA413049E5"],["pd","free_walk","GA114063"]],"2":[["control","4x10m","GA313041E5"],["control","4x10m","GA313073E5"],["control","free_walk","GA214033"],["geriatric","4x10m","P54E6"],["geriatric","4x10m","P55E6"],["geriatric","free_walk","PAT5WALD"],["pd","4x10m","GA413051E5"],["pd","4x10m","GA413052E5"],["pd","free_walk","GA114065"]],"3":[["control","4x10m","GA413003E5"],["control","4x10m","GA413011E5"],["control","free_walk","GASTD45JW"],["geriatric","4x10m","P56E6"],["geriatric","4x10m","P57E6"],["geriatric","free_walk","PAT7WALD"],["pd","4x10m","GA413053E5"],["pd","4x10m","GA413054E5"],["pd","free_walk","GA214020"]],"4":[["control","4x10m","GA413013E5"],["control","4x10m","GA413048E5"],["control","free_walk","GASTD46SAB"],["geriatric","4x10m","P58E6"],["geriatric","4x10m","P59E6"],["geriatric","free_walk","PAT8WALD"],["pd","4x10m","GA413055E5"],["pd","4x10m","GA413056E5"],["pd","free_walk","GA214021"]]},"test_precision":{"0":0.9486787221,"1":0.9573391885,"2":0.9519848553,"3":0.9512901551,"4":0.9542598337},"test_recall":{"0":0.8821505261,"1":0.9183396097,"2":0.9410333627,"3":0.9246966078,"4":0.9166537107},"test_f1_score":{"0":0.9115740797,"1":0.9369877992,"2":0.9458387918,"3":0.9356189419,"4":0.9345878675},"test_per_sample__precision":{"0":0.9574626866,"1":0.9668155712,"2":0.9450847458,"3":0.9527449618,"4":0.9522409993},"test_per_sample__recall":{"0":0.8407601573,"1":0.9237804878,"2":0.9343163539,"3":0.9326530612,"4":0.9081990189},