{"score_time":{"0":7.9707431793,"1":7.9702038765,"2":8.1632833481,"3":9.0253717899,"4":5.4931507111},"optimize_time":{"0":581.8624148369,"1":615.418428421,"2":569.7405562401,"3":568.5150315762,"4":626.2019870281},"train_data_labels":{"0":["54a9","6dbe_2","6e2e","80b8","8873","8d60","9b4b","c9bb","cb3d","cdfc","e54d"],"1":["4d91","5047","5237","80b8","8873","8d60","9b4b","c9bb","cb3d","cdfc","e54d"],"2":["4d91","5047","5237","54a9","6dbe_2","6e2e","9b4b","c9bb","cb3d","cdfc","e54d"],"3":["4d91","5047","5237","54a9","6dbe_2","6e2e","80b8","8873","8d60","cdfc","e54d"],"4":["4d91","5047","5237","54a9","6dbe_2","6e2e","80b8","8873","8d60","9b4b","c9bb","cb3d"]},"test_data_labels":{"0":["4d91","5047","5237"],"1":["54a9","6dbe_2","6e2e"],"2":["80b8","8873","8d60"],"3":["9b4b","c9bb","cb3d"],"4":["cdfc","e54d"]},"test_precision":{"0":0.6971996225,"1":0.959062239,"2":0.9419188908,"3":0.9641334005,"4":0.9691582963},"test_recall":{"0":0.7194642106,"1":0.9930984219,"2":0.9843686171,"3":0.9955334977,"4":0.9921100784},"test_f1_score":{"0":0.7081436686,"1":0.9757806271,"2":0.9626644615,"3":0.9795283889,"4":0.9804996271},"test_per_sample__precision":{"0":0.7031484258,"1":0.9591467824,"2":0.9423298731,"3":0.963649582,"4":0.9691460055},"test_per_sample__recall":{"0":0.7285436893,"1":0.993260951,"2":0.9847328244,"3":0.995493804,"4":0.9921037789},"test_per_sample__f1_score":{"0":0.7156208278,"1":0.9759058304,"2":0.963064833,"3":0.9793128925,"4":0.980490524},"test_single_precision":{"0":[0.9663182346,0.166858458,0.9584221748],"1":[0.9580498866,0.9584295612,0.9607072692],"2":[0.9291716687,0.9333333333,0.9632516704],"3":[0.9655963303,0.9444444444,0.9823594267],"4":[0.9659714599,0.9723451327]},"test_single_recall":{"0":[0.9881235154,0.1746987952,0.9955703212],"1":[0.9871495327,0.9952038369,0.996941896],"2":[0.972361809,0.9830508475,0.9976931949],"3":[0.9964497041,0.9935064935,0.9966442953],"4":[0.9898762655,0.9943438914]},"test_single_f1_score":{"0":[0.9770992366,0.1706886404,0.9766431287],"1":[0.9723820483,0.9764705882,0.9784892446],"2":[0.9502762431,0.9575471698,0.9801699717],"3":[0.980780431,0.9683544304,0.9894503054],"4":[0.9777777778,0.9832214765]}}