{"score_time":{"0":2.8924648762,"1":2.9779391289,"2":3.1778812408,"3":3.4515080452,"4":1.9787089825},"optimize_time":{"0":1175.4743888378,"1":1170.8079760075,"2":1157.5279099941,"3":1113.861978054,"4":1253.5674142838},"train_data_labels":{"0":["54a9","6dbe_2","6e2e","80b8","8873","8d60","9b4b","c9bb","cb3d","cdfc","e54d"],"1":["4d91","5047","5237","80b8","8873","8d60","9b4b","c9bb","cb3d","cdfc","e54d"],"2":["4d91","5047","5237","54a9","6dbe_2","6e2e","9b4b","c9bb","cb3d","cdfc","e54d"],"3":["4d91","5047","5237","54a9","6dbe_2","6e2e","80b8","8873","8d60","cdfc","e54d"],"4":["4d91","5047","5237","54a9","6dbe_2","6e2e","80b8","8873","8d60","9b4b","c9bb","cb3d"]},"test_data_labels":{"0":["4d91","5047","5237"],"1":["54a9","6dbe_2","6e2e"],"2":["80b8","8873","8d60"],"3":["9b4b","c9bb","cb3d"],"4":["cdfc","e54d"]},"test_precision":{"0":0.9736799128,"1":0.9721893519,"2":0.972047478,"3":0.9832995098,"4":0.9757476482},"test_recall":{"0":0.9633368046,"1":0.9729452941,"2":0.9775926187,"3":0.9027755042,"4":0.9581893327},"test_f1_score":{"0":0.9684556756,"1":0.9725592859,"2":0.9747580917,"3":0.9399281199,"4":0.9667730772},"test_per_sample__precision":{"0":0.9736945426,"1":0.9723053892,"2":0.9720447284,"3":0.9840032814,"4":0.9758759334},"test_per_sample__recall":{"0":0.9631067961,"1":0.9726694122,"2":0.9779027722,"3":0.9008636876,"4":0.9582628314},"test_per_sample__f1_score":{"0":0.9683717298,"1":0.9724873666,"2":0.9749649509,"3":0.9405998824,"4":0.9669891861},"test_single_precision":{"0":[0.9709794438,0.9759903962,0.9740698985],"1":[0.9732246799,0.9690107271,0.9743326489],"2":[0.975826972,0.9598108747,0.9805045872],"3":[0.9838909542,0.9682959049,0.9977116705],"4":[0.980941704,0.9705535925]},"test_single_recall":{"0":[0.9536817102,0.9795180723,0.9568106312],"1":[0.976635514,0.9748201439,0.9673802243],"2":[0.9635678392,0.9830508475,0.9861591696],"3":[0.9396449704,0.7932900433,0.9753914989],"4":[0.9842519685,0.9321266968]},"test_single_f1_score":{"0":[0.962252846,0.9777510523,0.9653631285],"1":[0.9749271137,0.9719067543,0.9708439898],"2":[0.9696586599,0.971291866,0.9833237493],"3":[0.9612590799,0.8720999405,0.9864253394],"4":[0.9825940483,0.9509521062]}}