{"score_time":{"0":14.2873661518,"1":14.5452528,"2":14.9722604752,"3":16.3717868328,"4":11.6995644569},"optimize_time":{"0":0.0035719872,"1":0.0041291714,"2":0.0040254593,"3":0.0039596558,"4":0.0033142567},"train_data_labels":{"0":["54a9","6dbe_2","6e2e","80b8","8873","8d60","9b4b","c9bb","cb3d","cdfc","e54d"],"1":["4d91","5047","5237","80b8","8873","8d60","9b4b","c9bb","cb3d","cdfc","e54d"],"2":["4d91","5047","5237","54a9","6dbe_2","6e2e","9b4b","c9bb","cb3d","cdfc","e54d"],"3":["4d91","5047","5237","54a9","6dbe_2","6e2e","80b8","8873","8d60","cdfc","e54d"],"4":["4d91","5047","5237","54a9","6dbe_2","6e2e","80b8","8873","8d60","9b4b","c9bb","cb3d"]},"test_data_labels":{"0":["4d91","5047","5237"],"1":["54a9","6dbe_2","6e2e"],"2":["80b8","8873","8d60"],"3":["9b4b","c9bb","cb3d"],"4":["cdfc","e54d"]},"test_precision":{"0":0.9849473493,"1":0.9940280703,"2":0.9950102881,"3":0.9977710129,"4":0.9918981481},"test_recall":{"0":0.3180003923,"1":0.534009384,"2":0.607441187,"3":0.5079023798,"4":0.4420869196},"test_f1_score":{"0":0.4525126937,"1":0.6912193821,"2":0.7382363746,"3":0.6720146138,"4":0.6105433425},"test_per_sample__precision":{"0":0.990135635,"1":0.9944827586,"2":0.9960106383,"3":0.9977827051,"4":0.9911504425},"test_per_sample__recall":{"0":0.3118446602,"1":0.5398727069,"2":0.6018481318,"3":0.5069470522,"4":0.4421883813},"test_per_sample__f1_score":{"0":0.4743059657,"1":0.6998301383,"2":0.7503130478,"3":0.672310757,"4":0.6115444618},"test_single_precision":{"0":[0.9974619289,0.9855491329,0.9718309859],"1":[0.9950372208,0.9901719902,0.996875],"2":[1.0,0.9875,0.9975308642],"3":[0.9978947368,0.9978813559,0.9975369458],"4":[0.9837962963,1.0]},"test_single_recall":{"0":[0.4667458432,0.4108433735,0.0764119601],"1":[0.4684579439,0.4832134293,0.6503567788],"2":[0.8781407035,0.4782082324,0.4659746251],"3":[0.5609467456,0.5097402597,0.4530201342],"4":[0.4780652418,0.4061085973]},"test_single_f1_score":{"0":[0.6359223301,0.5799319728,0.1416837782],"1":[0.6370135028,0.6494762288,0.7871684146],"2":[0.9351170569,0.6443719413,0.6352201258],"3":[0.7181818182,0.6747851003,0.6230769231],"4":[0.6434519304,0.5776347546]}}