{"score_time":{"0":8.5185513496,"1":8.7502679825,"2":8.7354867458,"3":9.6508145332,"4":6.1895563602},"optimize_time":{"0":0.0003693104,"1":0.0003712177,"2":0.0003921986,"3":0.0003666878,"4":0.0003755093},"train_data_labels":{"0":["54a9","6dbe_2","6e2e","80b8","8873","8d60","9b4b","c9bb","cb3d","cdfc","e54d"],"1":["4d91","5047","5237","80b8","8873","8d60","9b4b","c9bb","cb3d","cdfc","e54d"],"2":["4d91","5047","5237","54a9","6dbe_2","6e2e","9b4b","c9bb","cb3d","cdfc","e54d"],"3":["4d91","5047","5237","54a9","6dbe_2","6e2e","80b8","8873","8d60","cdfc","e54d"],"4":["4d91","5047","5237","54a9","6dbe_2","6e2e","80b8","8873","8d60","9b4b","c9bb","cb3d"]},"test_data_labels":{"0":["4d91","5047","5237"],"1":["54a9","6dbe_2","6e2e"],"2":["80b8","8873","8d60"],"3":["9b4b","c9bb","cb3d"],"4":["cdfc","e54d"]},"test_precision":{"0":0.7661321788,"1":0.9568093776,"2":0.9330703393,"3":0.9521553289,"4":0.9611230078},"test_recall":{"0":0.7884023918,"1":0.9895218439,"2":0.9751256836,"3":0.9900973002,"4":0.9898571785},"test_f1_score":{"0":0.7770839884,"1":0.9728854554,"2":0.9536247644,"3":0.9706646715,"4":0.9752783971},"test_per_sample__precision":{"0":0.7698382851,"1":0.9569308722,"2":0.9334871203,"3":0.9516420065,"4":0.9611171961},"test_per_sample__recall":{"0":0.7949514563,"1":0.9898914264,"2":0.9754921655,"3":0.9902365753,"4":0.9898477157},"test_per_sample__f1_score":{"0":0.7821933512,"1":0.973132131,"2":0.9540275049,"3":0.97055576,"4":0.9752709086},"test_single_precision":{"0":[0.9579439252,0.3843498274,0.9561027837],"1":[0.9579545455,0.9536500579,0.9588235294],"2":[0.9182692308,0.9298850575,0.9510567297],"3":[0.9486887115,0.9319796954,0.9757975798],"4":[0.9584699454,0.9637760703]},"test_single_recall":{"0":[0.973871734,0.4024096386,0.9889258029],"1":[0.9848130841,0.9868105516,0.996941896],"2":[0.959798995,0.9794188862,0.9861591696],"3":[0.9846153846,0.9935064935,0.9921700224],"4":[0.9865016873,0.9932126697]},"test_single_f1_score":{"0":[0.9658421673,0.3931724544,0.9722373435],"1":[0.9711981567,0.9699469652,0.9775112444],"2":[0.9385749386,0.954009434,0.9682899207],"3":[0.9663182346,0.9617600838,0.9839156961],"4":[0.9722838137,0.9782729805]}}