{"score_time":{"0":2.6512446404,"1":2.9021699429,"2":2.8611795902,"3":2.959911108,"4":2.5583546162},"optimize_time":{"0":1078.581081152,"1":1069.7068316936,"2":1089.1263356209,"3":1085.8045394421,"4":1072.5178248882},"train_data_labels":{"0":[["control","4x10m","GA313009E5"],["control","4x10m","GA313011E5"],["control","4x10m","GA313041E5"],["control","4x10m","GA313073E5"],["control","4x10m","GA413003E5"],["control","4x10m","GA413011E5"],["control","4x10m","GA413013E5"],["control","4x10m","GA413048E5"],["control","free_walk","GA214030"],["control","free_walk","GA214033"],["control","free_walk","GASTD45JW"],["control","free_walk","GASTD46SAB"],["geriatric","4x10m","P52E6"],["geriatric","4x10m","P53E6"],["geriatric","4x10m","P54E6"],["geriatric","4x10m","P55E6"],["geriatric","4x10m","P56E6"],["geriatric","4x10m","P57E6"],["geriatric","4x10m","P58E6"],["geriatric","4x10m","P59E6"],["geriatric","free_walk","PAT4WALD"],["geriatric","free_walk","PAT5WALD"],["geriatric","free_walk","PAT7WALD"],["geriatric","free_walk","PAT8WALD"],["pd","4x10m","GA413046E5"],["pd","4x10m","GA413049E5"],["pd","4x10m","GA413051E5"],["pd","4x10m","GA413052E5"],["pd","4x10m","GA413053E5"],["pd","4x10m","GA413054E5"],["pd","4x10m","GA413055E5"],["pd","4x10m","GA413056E5"],["pd","free_walk","GA114063"],["pd","free_walk","GA114065"],["pd","free_walk","GA214020"],["pd","free_walk","GA214021"]],"1":[["control","4x10m","GA112030E3"],["control","4x10m","GA213010E5"],["control","4x10m","GA313041E5"],["control","4x10m","GA313073E5"],["control","4x10m","GA413003E5"],["control","4x10m","GA413011E5"],["control","4x10m","GA413013E5"],["control","4x10m","GA413048E5"],["control","free_walk","GA214026"],["control","free_walk","GA214033"],["control","free_walk","GASTD45JW"],["control","free_walk","GASTD46SAB"],["geriatric","4x10m","P50E6"],["geriatric","4x10m","P51E6"],["geriatric","4x10m","P54E6"],["geriatric","4x10m","P55E6"],["geriatric","4x10m","P56E6"],["geriatric","4x10m","P57E6"],["geriatric","4x10m","P58E6"],["geriatric","4x10m","P59E6"],["geriatric","free_walk","PAT1WALD"],["geriatric","free_walk","PAT5WALD"],["geriatric","free_walk","PAT7WALD"],["geriatric","free_walk","PAT8WALD"],["pd","4x10m","GA313039E5"],["pd","4x10m","GA413002E5"],["pd","4x10m","GA413051E5"],["pd","4x10m","GA413052E5"],["pd","4x10m","GA413053E5"],["pd","4x10m","GA413054E5"],["pd","4x10m","GA413055E5"],["pd","4x10m","GA413056E5"],["pd","free_walk","GA114059"],["pd","free_walk","GA114065"],["pd","free_walk","GA214020"],["pd","free_walk","GA214021"]],"2":[["control","4x10m","GA112030E3"],["control","4x10m","GA213010E5"],["control","4x10m","GA313009E5"],["control","4x10m","GA313011E5"],["control","4x10m","GA413003E5"],["control","4x10m","GA413011E5"],["control","4x10m","GA413013E5"],["control","4x10m","GA413048E5"],["control","free_walk","GA214026"],["control","free_walk","GA214030"],["control","free_walk","GASTD45JW"],["control","free_walk","GASTD46SAB"],["geriatric","4x10m","P50E6"],["geriatric","4x10m","P51E6"],["geriatric","4x10m","P52E6"],["geriatric","4x10m","P53E6"],["geriatric","4x10m","P56E6"],["geriatric","4x10m","P57E6"],["geriatric","4x10m","P58E6"],["geriatric","4x10m","P59E6"],["geriatric","free_walk","PAT1WALD"],["geriatric","free_walk","PAT4WALD"],["geriatric","free_walk","PAT7WALD"],["geriatric","free_walk","PAT8WALD"],["pd","4x10m","GA313039E5"],["pd","4x10m","GA413002E5"],["pd","4x10m","GA413046E5"],["pd","4x10m","GA413049E5"],["pd","4x10m","GA413053E5"],["pd","4x10m","GA413054E5"],["pd","4x10m","GA413055E5"],["pd","4x10m","GA413056E5"],["pd","free_walk","GA114059"],["pd","free_walk","GA114063"],["pd","free_walk","GA214020"],["pd","free_walk","GA214021"]],"3":[["control","4x10m","GA112030E3"],["control","4x10m","GA213010E5"],["control","4x10m","GA313009E5"],["control","4x10m","GA313011E5"],["control","4x10m","GA313041E5"],["control","4x10m","GA313073E5"],["control","4x10m","GA413013E5"],["control","4x10m","GA413048E5"],["control","free_walk","GA214026"],["control","free_walk","GA214030"],["control","free_walk","GA214033"],["control","free_walk","GASTD46SAB"],["geriatric","4x10m","P50E6"],["geriatric","4x10m","P51E6"],["geriatric","4x10m","P52E6"],["geriatric","4x10m","P53E6"],["geriatric","4x10m","P54E6"],["geriatric","4x10m","P55E6"],["geriatric","4x10m","P58E6"],["geriatric","4x10m","P59E6"],["geriatric","free_walk","PAT1WALD"],["geriatric","free_walk","PAT4WALD"],["geriatric","free_walk","PAT5WALD"],["geriatric","free_walk","PAT8WALD"],["pd","4x10m","GA313039E5"],["pd","4x10m","GA413002E5"],["pd","4x10m","GA413046E5"],["pd","4x10m","GA413049E5"],["pd","4x10m","GA413051E5"],["pd","4x10m","GA413052E5"],["pd","4x10m","GA413055E5"],["pd","4x10m","GA413056E5"],["pd","free_walk","GA114059"],["pd","free_walk","GA114063"],["pd","free_walk","GA114065"],["pd","free_walk","GA214021"]],"4":[["control","4x10m","GA112030E3"],["control","4x10m","GA213010E5"],["control","4x10m","GA313009E5"],["control","4x10m","GA313011E5"],["control","4x10m","GA313041E5"],["control","4x10m","GA313073E5"],["control","4x10m","GA413003E5"],["control","4x10m","GA413011E5"],["control","free_walk","GA214026"],["control","free_walk","GA214030"],["control","free_walk","GA214033"],["control","free_walk","GASTD45JW"],["geriatric","4x10m","P50E6"],["geriatric","4x10m","P51E6"],["geriatric","4x10m","P52E6"],["geriatric","4x10m","P53E6"],["geriatric","4x10m","P54E6"],["geriatric","4x10m","P55E6"],["geriatric","4x10m","P56E6"],["geriatric","4x10m","P57E6"],["geriatric","free_walk","PAT1WALD"],["geriatric","free_walk","PAT4WALD"],["geriatric","free_walk","PAT5WALD"],["geriatric","free_walk","PAT7WALD"],["pd","4x10m","GA313039E5"],["pd","4x10m","GA413002E5"],["pd","4x10m","GA413046E5"],["pd","4x10m","GA413049E5"],["pd","4x10m","GA413051E5"],["pd","4x10m","GA413052E5"],["pd","4x10m","GA413053E5"],["pd","4x10m","GA413054E5"],["pd","free_walk","GA114059"],["pd","free_walk","GA114063"],["pd","free_walk","GA114065"],["pd","free_walk","GA214020"]]},"test_data_labels":{"0":[["control","4x10m","GA112030E3"],["control","4x10m","GA213010E5"],["control","free_walk","GA214026"],["geriatric","4x10m","P50E6"],["geriatric","4x10m","P51E6"],["geriatric","free_walk","PAT1WALD"],["pd","4x10m","GA313039E5"],["pd","4x10m","GA413002E5"],["pd","free_walk","GA114059"]],"1":[["control","4x10m","GA313009E5"],["control","4x10m","GA313011E5"],["control","free_walk","GA214030"],["geriatric","4x10m","P52E6"],["geriatric","4x10m","P53E6"],["geriatric","free_walk","PAT4WALD"],["pd","4x10m","GA413046E5"],["pd","4x10m","GA413049E5"],["pd","free_walk","GA114063"]],"2":[["control","4x10m","GA313041E5"],["control","4x10m","GA313073E5"],["control","free_walk","GA214033"],["geriatric","4x10m","P54E6"],["geriatric","4x10m","P55E6"],["geriatric","free_walk","PAT5WALD"],["pd","4x10m","GA413051E5"],["pd","4x10m","GA413052E5"],["pd","free_walk","GA114065"]],"3":[["control","4x10m","GA413003E5"],["control","4x10m","GA413011E5"],["control","free_walk","GASTD45JW"],["geriatric","4x10m","P56E6"],["geriatric","4x10m","P57E6"],["geriatric","free_walk","PAT7WALD"],["pd","4x10m","GA413053E5"],["pd","4x10m","GA413054E5"],["pd","free_walk","GA214020"]],"4":[["control","4x10m","GA413013E5"],["control","4x10m","GA413048E5"],["control","free_walk","GASTD46SAB"],["geriatric","4x10m","P58E6"],["geriatric","4x10m","P59E6"],["geriatric","free_walk","PAT8WALD"],["pd","4x10m","GA413055E5"],["pd","4x10m","GA413056E5"],["pd","free_walk","GA214021"]]},"test_precision":{"0":0.948674981,"1":0.9573285703,"2":0.9500192891,"3":0.9512901551,"4":0.954169779},"test_recall":{"0":0.8818872296,"1":0.9178402339,"2":0.9484182768,"3":0.9246966078,"4":0.915739216},"test_f1_score":{"0":0.9113921479,"1":0.9367266455,"2":0.948789271,"3":0.9356189419,"4":0.9340680495},"test_per_sample__precision":{"0":0.9574309186,"1":0.9667731629,"2":0.9403085178,"3":0.9527449618,"4":0.9521707138},"test_per_sample__recall":{"0":0.8401048493,"1":0.9225609756,"2":0.9396782842,"3":0.9326530612,"4":0.9067974772},