{"score_time":{"0":2.5814807415,"1":2.8985924721,"2":2.4314358234,"3":2.5781290531,"4":2.6419744492},"optimize_time":{"0":1106.1428456306,"1":1094.3501019478,"2":1111.2277913094,"3":1111.902354002,"4":1107.5945000648},"train_data_labels":{"0":[["control","4x10m","GA313009E5"],["control","4x10m","GA313011E5"],["control","4x10m","GA313041E5"],["control","4x10m","GA313073E5"],["control","4x10m","GA413003E5"],["control","4x10m","GA413011E5"],["control","4x10m","GA413013E5"],["control","4x10m","GA413048E5"],["control","free_walk","GA214030"],["control","free_walk","GA214033"],["control","free_walk","GASTD45JW"],["control","free_walk","GASTD46SAB"],["geriatric","4x10m","P52E6"],["geriatric","4x10m","P53E6"],["geriatric","4x10m","P54E6"],["geriatric","4x10m","P55E6"],["geriatric","4x10m","P56E6"],["geriatric","4x10m","P57E6"],["geriatric","4x10m","P58E6"],["geriatric","4x10m","P59E6"],["geriatric","free_walk","PAT4WALD"],["geriatric","free_walk","PAT5WALD"],["geriatric","free_walk","PAT7WALD"],["geriatric","free_walk","PAT8WALD"],["pd","4x10m","GA413046E5"],["pd","4x10m","GA413049E5"],["pd","4x10m","GA413051E5"],["pd","4x10m","GA413052E5"],["pd","4x10m","GA413053E5"],["pd","4x10m","GA413054E5"],["pd","4x10m","GA413055E5"],["pd","4x10m","GA413056E5"],["pd","free_walk","GA114063"],["pd","free_walk","GA114065"],["pd","free_walk","GA214020"],["pd","free_walk","GA214021"]],"1":[["control","4x10m","GA112030E3"],["control","4x10m","GA213010E5"],["control","4x10m","GA313041E5"],["control","4x10m","GA313073E5"],["control","4x10m","GA413003E5"],["control","4x10m","GA413011E5"],["control","4x10m","GA413013E5"],["control","4x10m","GA413048E5"],["control","free_walk","GA214026"],["control","free_walk","GA214033"],["control","free_walk","GASTD45JW"],["control","free_walk","GASTD46SAB"],["geriatric","4x10m","P50E6"],["geriatric","4x10m","P51E6"],["geriatric","4x10m","P54E6"],["geriatric","4x10m","P55E6"],["geriatric","4x10m","P56E6"],["geriatric","4x10m","P57E6"],["geriatric","4x10m","P58E6"],["geriatric","4x10m","P59E6"],["geriatric","free_walk","PAT1WALD"],["geriatric","free_walk","PAT5WALD"],["geriatric","free_walk","PAT7WALD"],["geriatric","free_walk","PAT8WALD"],["pd","4x10m","GA313039E5"],["pd","4x10m","GA413002E5"],["pd","4x10m","GA413051E5"],["pd","4x10m","GA413052E5"],["pd","4x10m","GA413053E5"],["pd","4x10m","GA413054E5"],["pd","4x10m","GA413055E5"],["pd","4x10m","GA413056E5"],["pd","free_walk","GA114059"],["pd","free_walk","GA114065"],["pd","free_walk","GA214020"],["pd","free_walk","GA214021"]],"2":[["control","4x10m","GA112030E3"],["control","4x10m","GA213010E5"],["control","4x10m","GA313009E5"],["control","4x10m","GA313011E5"],["control","4x10m","GA413003E5"],["control","4x10m","GA413011E5"],["control","4x10m","GA413013E5"],["control","4x10m","GA413048E5"],["control","free_walk","GA214026"],["control","free_walk","GA214030"],["control","free_walk","GASTD45JW"],["control","free_walk","GASTD46SAB"],["geriatric","4x10m","P50E6"],["geriatric","4x10m","P51E6"],["geriatric","4x10m","P52E6"],["geriatric","4x10m","P53E6"],["geriatric","4x10m","P56E6"],["geriatric","4x10m","P57E6"],["geriatric","4x10m","P58E6"],["geriatric","4x10m","P59E6"],["geriatric","free_walk","PAT1WALD"],["geriatric","free_walk","PAT4WALD"],["geriatric","free_walk","PAT7WALD"],["geriatric","free_walk","PAT8WALD"],["pd","4x10m","GA313039E5"],["pd","4x10m","GA413002E5"],["pd","4x10m","GA413046E5"],["pd","4x10m","GA413049E5"],["pd","4x10m","GA413053E5"],["pd","4x10m","GA413054E5"],["pd","4x10m","GA413055E5"],["pd","4x10m","GA413056E5"],["pd","free_walk","GA114059"],["pd","free_walk","GA114063"],["pd","free_walk","GA214020"],["pd","free_walk","GA214021"]],"3":[["control","4x10m","GA112030E3"],["control","4x10m","GA213010E5"],["control","4x10m","GA313009E5"],["control","4x10m","GA313011E5"],["control","4x10m","GA313041E5"],["control","4x10m","GA313073E5"],["control","4x10m","GA413013E5"],["control","4x10m","GA413048E5"],["control","free_walk","GA214026"],["control","free_walk","GA214030"],["control","free_walk","GA214033"],["control","free_walk","GASTD46SAB"],["geriatric","4x10m","P50E6"],["geriatric","4x10m","P51E6"],["geriatric","4x10m","P52E6"],["geriatric","4x10m","P53E6"],["geriatric","4x10m","P54E6"],["geriatric","4x10m","P55E6"],["geriatric","4x10m","P58E6"],["geriatric","4x10m","P59E6"],["geriatric","free_walk","PAT1WALD"],["geriatric","free_walk","PAT4WALD"],["geriatric","free_walk","PAT5WALD"],["geriatric","free_walk","PAT8WALD"],["pd","4x10m","GA313039E5"],["pd","4x10m","GA413002E5"],["pd","4x10m","GA413046E5"],["pd","4x10m","GA413049E5"],["pd","4x10m","GA413051E5"],["pd","4x10m","GA413052E5"],["pd","4x10m","GA413055E5"],["pd","4x10m","GA413056E5"],["pd","free_walk","GA114059"],["pd","free_walk","GA114063"],["pd","free_walk","GA114065"],["pd","free_walk","GA214021"]],"4":[["control","4x10m","GA112030E3"],["control","4x10m","GA213010E5"],["control","4x10m","GA313009E5"],["control","4x10m","GA313011E5"],["control","4x10m","GA313041E5"],["control","4x10m","GA313073E5"],["control","4x10m","GA413003E5"],["control","4x10m","GA413011E5"],["control","free_walk","GA214026"],["control","free_walk","GA214030"],["control","free_walk","GA214033"],["control","free_walk","GASTD45JW"],["geriatric","4x10m","P50E6"],["geriatric","4x10m","P51E6"],["geriatric","4x10m","P52E6"],["geriatric","4x10m","P53E6"],["geriatric","4x10m","P54E6"],["geriatric","4x10m","P55E6"],["geriatric","4x10m","P56E6"],["geriatric","4x10m","P57E6"],["geriatric","free_walk","PAT1WALD"],["geriatric","free_walk","PAT4WALD"],["geriatric","free_walk","PAT5WALD"],["geriatric","free_walk","PAT7WALD"],["pd","4x10m","GA313039E5"],["pd","4x10m","GA413002E5"],["pd","4x10m","GA413046E5"],["pd","4x10m","GA413049E5"],["pd","4x10m","GA413051E5"],["pd","4x10m","GA413052E5"],["pd","4x10m","GA413053E5"],["pd","4x10m","GA413054E5"],["pd","free_walk","GA114059"],["pd","free_walk","GA114063"],["pd","free_walk","GA114065"],["pd","free_walk","GA214020"]]},"test_data_labels":{"0":[["control","4x10m","GA112030E3"],["control","4x10m","GA213010E5"],["control","free_walk","GA214026"],["geriatric","4x10m","P50E6"],["geriatric","4x10m","P51E6"],["geriatric","free_walk","PAT1WALD"],["pd","4x10m","GA313039E5"],["pd","4x10m","GA413002E5"],["pd","free_walk","GA114059"]],"1":[["control","4x10m","GA313009E5"],["control","4x10m","GA313011E5"],["control","free_walk","GA214030"],["geriatric","4x10m","P52E6"],["geriatric","4x10m","P53E6"],["geriatric","free_walk","PAT4WALD"],["pd","4x10m","GA413046E5"],["pd","4x10m","GA413049E5"],["pd","free_walk","GA114063"]],"2":[["control","4x10m","GA313041E5"],["control","4x10m","GA313073E5"],["control","free_walk","GA214033"],["geriatric","4x10m","P54E6"],["geriatric","4x10m","P55E6"],["geriatric","free_walk","PAT5WALD"],["pd","4x10m","GA413051E5"],["pd","4x10m","GA413052E5"],["pd","free_walk","GA114065"]],"3":[["control","4x10m","GA413003E5"],["control","4x10m","GA413011E5"],["control","free_walk","GASTD45JW"],["geriatric","4x10m","P56E6"],["geriatric","4x10m","P57E6"],["geriatric","free_walk","PAT7WALD"],["pd","4x10m","GA413053E5"],["pd","4x10m","GA413054E5"],["pd","free_walk","GA214020"]],"4":[["control","4x10m","GA413013E5"],["control","4x10m","GA413048E5"],["control","free_walk","GASTD46SAB"],["geriatric","4x10m","P58E6"],["geriatric","4x10m","P59E6"],["geriatric","free_walk","PAT8WALD"],["pd","4x10m","GA413055E5"],["pd","4x10m","GA413056E5"],["pd","free_walk","GA214021"]]},"test_precision":{"0":0.9489240405,"1":0.9573285703,"2":0.9496294256,"3":0.9518702723,"4":0.9542598337},"test_recall":{"0":0.8781652123,"1":0.9178402339,"2":0.9480052243,"3":0.9229044931,"4":0.9166537107},"test_f1_score":{"0":0.9093019068,"1":0.9367266455,"2":0.9483881478,"3":0.9347672637,"4":0.9345878675},"test_per_sample__precision":{"0":0.957957958,"1":0.9667731629,"2":0.939637827,"3":0.9540389972,"4":0.9522409993},"test_per_sample__recall":{"0":0.8361730013,"1":0.9225609756,"2":0.9390080429,"3":0.9319727891,"4":0.9081990189},