{"score_time":{"0":19.971426487,"1":20.2990620136,"2":21.0092082024,"3":22.6361637115,"4":16.6609220505},"optimize_time":{"0":0.0043680668,"1":0.0049960613,"2":0.0049660206,"3":0.0042762756,"4":0.0051307678},"train_data_labels":{"0":["54a9","6dbe_2","6e2e","80b8","8873","8d60","9b4b","c9bb","cb3d","cdfc","e54d"],"1":["4d91","5047","5237","80b8","8873","8d60","9b4b","c9bb","cb3d","cdfc","e54d"],"2":["4d91","5047","5237","54a9","6dbe_2","6e2e","9b4b","c9bb","cb3d","cdfc","e54d"],"3":["4d91","5047","5237","54a9","6dbe_2","6e2e","80b8","8873","8d60","cdfc","e54d"],"4":["4d91","5047","5237","54a9","6dbe_2","6e2e","80b8","8873","8d60","9b4b","c9bb","cb3d"]},"test_data_labels":{"0":["4d91","5047","5237"],"1":["54a9","6dbe_2","6e2e"],"2":["80b8","8873","8d60"],"3":["9b4b","c9bb","cb3d"],"4":["cdfc","e54d"]},"test_precision":{"0":0.9782053872,"1":0.9928420249,"2":0.9949592308,"3":0.9933620664,"4":0.9903688908},"test_recall":{"0":0.3292396486,"1":0.546067693,"2":0.6152225855,"3":0.5094249409,"4":0.4483022767},"test_f1_score":{"0":0.4629457814,"1":0.700829425,"2":0.7436441844,"3":0.672326069,"4":0.6164563865},"test_per_sample__precision":{"0":0.9857651246,"1":0.9932659933,"2":0.9954068241,"3":0.9933969186,"4":0.9900373599},"test_per_sample__recall":{"0":0.3227184466,"1":0.5522276301,"2":0.6094817196,"3":0.5084491175,"4":0.448392555},"test_per_sample__f1_score":{"0":0.4862492686,"1":0.7098171319,"2":0.7560428607,"3":0.6726279185,"4":0.6172360248},"test_single_precision":{"0":[0.9949494949,0.9813333333,0.9583333333],"1":[0.9903846154,0.9927007299,0.9954407295],"2":[0.9971870605,0.9925925926,0.9950980392],"3":[0.993736952,0.9936842105,0.9926650367],"4":[0.9861431871,0.9945945946]},"test_single_recall":{"0":[0.4679334917,0.443373494,0.0764119601],"1":[0.4813084112,0.4892086331,0.6676860347],"2":[0.8907035176,0.4866828087,0.4682814302],"3":[0.5633136095,0.5108225108,0.4541387025],"4":[0.4803149606,0.4162895928]},"test_single_f1_score":{"0":[0.6365105008,0.6107883817,0.1415384615],"1":[0.6477987421,0.6554216867,0.7992678462],"2":[0.9409422694,0.6531275386,0.6368627451],"3":[0.7190332326,0.6747676912,0.6231772832],"4":[0.6459909228,0.5869218501]}}